{
  "openapi": "3.0",
  "info": {
    "title": "ShortFunnel"
  },
  "basePath": "/dev",
  "x-amazon-apigateway-api-key-source": "AUTHORIZER",
  "schemes": [
    "https"
  ],
  "paths": {
    "shortfunnel/health": {
      "post": {
        "produces": [
          "application/json"
        ],
        "parameters": [
          {
            "in": "query",
            "name": "apiKey",
            "schema": {
              "type": "string"
            },
            "required": true
          }
        ],
        "requestBody": {
          "content": {
            "application/json": {
              "schema": {
                "$ref": "#/components/schemas/shortFunnelHealthEnergy"
              }
            }
          }
        },
        "responses": {
          "200": {
            "description": "200 response",
            "schema": {
              "$ref": "#/components/schemas/responses/200"
            }
          },
          "400": {
            "description": "400 response",
            "schema": {
              "$ref": "#/components/schemas/responses/400"
            }
          }
        },
        "x-amazon-apigateway-integration": {
          "type": "aws_proxy",
          "httpMethod": "POST",
          "uri": {
            "Fn::Sub": "arn:aws:apigateway:${AWS::Region}:lambda:path/2015-03-31/functions/${BackendFunction.Arn}/invocations"
          },
          "responses": {
            "default": {
              "statusCode": "200"
            }
          },
          "passthroughBehavior": "when_no_match",
          "contentHandling": "CONVERT_TO_TEXT"
        }
      }
    },
    "shortfunnel/energy": {
      "post": {
        "produces": [
          "application/json"
        ],
        "parameters": [
          {
            "in": "query",
            "name": "apiKey",
            "schema": {
              "type": "string"
            },
            "required": true
          }
        ],
        "requestBody": {
          "content": {
            "application/json": {
              "schema": {
                "$ref": "#/components/schemas/shortFunnelHealthEnergy"
              }
            }
          }
        },
        "responses": {
          "200": {
            "description": "200 response",
            "schema": {
              "$ref": "#/components/schemas/responses/200"
            }
          },
          "400": {
            "description": "400 response",
            "schema": {
              "$ref": "#/components/schemas/responses/400"
            }
          }
        },
        "x-amazon-apigateway-integration": {
          "type": "aws_proxy",
          "httpMethod": "POST",
          "uri": {
            "Fn::Sub": "arn:aws:apigateway:${AWS::Region}:lambda:path/2015-03-31/functions/${BackendFunction.Arn}/invocations"
          },
          "responses": {
            "default": {
              "statusCode": "200"
            }
          },
          "passthroughBehavior": "when_no_match",
          "contentHandling": "CONVERT_TO_TEXT"
        }
      }
    }
  },
  "components": {
    "schemas": {
      "shortFunnelHealthEnergy": {
        "type": "object",
        "additionalProperties": false,
        "required": [
          "firstName",
          "lastName",
          "email",
          "postCode",
          "mobileNumber"
        ],
        "properties": {
          "firstName": {
            "type": "string"
          },
          "lastName": {
            "type": "string"
          },
          "email": {
            "type": "string"
          },
          "mobileNumber": {
            "type": "string"
          },
          "postCode": {
            "type": "string"
          }
        }
      },
      "responses": {
        "200": {
          "description": "success",
          "content": {
            "application/json": {
              "schema": {
                "type": "object",
                "properties": {
                  "status": {
                    "type": "string",
                    "example": "200"
                  },
                  "title": {
                    "type": "string",
                    "example": "Success"
                  },
                  "detail": {
                    "type": "string",
                    "example": "Able to access resource"
                  }
                }
              }
            }
          }
        },
        "400": {
          "description": "success",
          "content": {
            "application/json": {
              "schema": {
                "type": "object",
                "properties": {
                  "status": {
                    "type": "string",
                    "example": "400"
                  },
                  "title": {
                    "type": "string",
                    "example": "Bad request"
                  },
                  "detail": {
                    "type": "string",
                    "example": "Invalid request"
                  }
                }
              }
            }
          }
        }
      }
    }
  }
}